"","UNIQID","GENOME","CHROMOSOME","START","END","P0_Left","P0_Right","P0_Left_Tm","P0_Right_Tm","Chr","Amplicon_Start","Amplicon_End","Amplicon_length","PCR_efficiency","Sequence"
"1","1023_9_77149928_C_T_11241.s1","GRCh37",9,77149927,77149928,"CATTGCAGCTTGTTTAAGGGTCATT","CATATTCTCATTAGCCAGGCATTCC","60.362","59.439",9,74534494,74535393,900,"99.9% (1 x 2)","CATTGCAGCTTGTTTAAGGGTCATTTGACCATATTTTGCCCCTGGCACCAGAGTGATGGCTTCATTTTTAATGACAGATGCTAATTCTAATTAGCAGTCTGGAAAAAGTCAGACTGAGTTCTGGGTGAGCCTGCCTGTCCACCCATACACCCTAGATGCTAACTTGAACCCCAGTGCCACCATATATAAATTCTCTCTGCAATGCCTAAGAAAAGATGCTGACGTTGCTGCTGCACCCCCTATGGTGGATACAGAGGAAGGGAATATTTTGACATAATGATCACAATAATATTTTCATTCTGCAGCTACTGTACCCCAAAGTGGCTATGTCAGGACATTACTTCGTCTTTTTCTGTTTTCTCAACCACAAAATCAGACTCACAATTGGATTTGGCAGCTGCCAAGCTACCCTAATATAGCAGCAGACAAATCCAGGCAAAGAACAGATCTATCACTGTATCTGACTGATCTTTCTGCTTATGCACAGTGACAAATTCTCACCTCTCCATATAGATCAGCGGGCTCTGTAACCAGTCAGTCACGCATAAGTTGTGACAGCGCATCACAAGACTGGCAATTTGGAGCCCTGGAGAACAAGGTGAAACATGCAGTTATTTTACATGAAAACTGCAGTCTTTCCCAGAGCACCATAGGGGTGTGTGTGTGTTGTGTGTGTGTATGTGTGTGTCTGTGTGTACAACATTTTACAAAAAGAAACAGATTGTTCTATTCACTATATTAAAATACACAGAAAAAGGAGATGAAAAAACAAATCTTTGCATTGCAGGAGAGGGATTTACATTGCCCATTGAATAAAGACTAAGCAGATCTTTTTTCCCACCTTCTTCTAGGTTACTCAGAATGGCTAAATCAAGGGAATGCCTGGCTAATGAGAATATG"
"2","1031_22_50710880_A_C_11241.s1","GRCh37",22,50710879,50710880,"CATTAGAGGTCCCGCCCATG","TCTCAAGTAGGGAGCTGGGAAC","59.823","60.714",22,50272115,50273018,904,"99.9% (1 x 2)","CATTAGAGGTCCCGCCCATGTGCCTACTGGGGACAGTGTGGGGTCGTGGCACTGCAAGGGAGTGATCACTGAGGAGTTTCGGGTGGCGTCAGGGCCTGGAGGCCATCTTCCAGGAGAGGCACCTTCAGAGCTCGGCGGGGGCAAGGGAAGCCCCCCTGGAGGGAGCCGCCGGTGGAGGACAGTCCCAGGCCCAGAGGGGAAGCGGCAGGGGAGCCAGGAAGGGCCGGTGGCAGGGCAGGAGTGAGAAGCCCTGGGCCAGAGGCGCCTCTCCTACCCAGCTGATTCGCTGTGGCCCCTGAATACAGCAGGCCACCCCTTCTCCGTGCTCATGCCCCCACCCCACCCCCGCTGGTCCTGGCCACCCCTCCTCACTGGAGCTGTCACTGTGACAGCTCCTCTCTGGTCCTGCTGGTCCCTCCCAGCTGGCCTCTTCCTGCAGTCAGTGAACTTCCTAAAAGGCAAATCTGGCCTTGCTCACCGGGAGACCAGGCGATGGTGGTCGCGGAGCTGATTTAGCAGGGGACTTGTCCTGCCTGTAAGAAGCAAGCAGGATGTAGCCTTGGGCTGTTAAGCTACCCGCCACCTCTCCTCCCACCACTCTGGGAGGAAAATGGGACTTGGAAAGCACCAGGAAGGACAGGCCACCCCTCGTCTGTCGCCAGCTGACCACTCCAGCCCACCGCATGCACCCCAGCAGCTATGCCCAGCTTCTACCCGGTGCCTGCCCCCACCCAGATGCTGGACTGCTGGGCCTGCAGCCTCTCCCCAGCCCCAAGTTTCATGTGTGTGGGGTCTCACTGACCCTTCCCTTCTTTCCTGACTGCCCAGTGGGACAGGGAAGAGGTGGACTGCAGGGGTCTAGTACGGAAGCCAGGCCTCCAGGTTCCCAGCTCCCTACTTGAGA"
"3","1032_11_127267994_A_G_11252.s1","GRCh37",11,127267993,127267994,"CATGGAGTCTCGGCCCTAATTTATG","GGTAGTGCAGAAGTAAGGACCAAA","60.878","60.067",11,127397774,127398676,903,"99.9% (1 x 2)","CATGGAGTCTCGGCCCTAATTTATGCTAAGTGGACAATGATTGATGCCAAATTGCAGAGGAATACCTAAGAAATTACCTACCACAGTAACACAAATATCAGAAAAATTTATCATAATTAATGGCATTGCGTTGAGAACCAAAGGAAGGGTGAGGAACGTGCATTTCTTATAAAGTGCTGACTATATTATTTGCTTCAGGTAATAATAATTACAGCACCCAGGCTTGCTAAATCGCCACGGTTAACATGCGGGAGTTGTAAACAAAGACACTAGCTATAGGCAGGTTCAGTTTAATCTTTAGCCTGAATGCAAGCTGCCTGTTTGTATAACATATCATGTGTCAGCGCAATCCTCCTATGTTTTGGAGGACTGGAGGTTAGCAGGAGCAAGATAATGCAAATCCCTAATGAGATCCCCCATCACCGGCTGGGGCTTTTCTAAAGAGATCTTCAGGGTATCAGAATAAAGCGAGAGCTCAAATAATCACTTTGGATTTCTACAATATCTATCACTCCTAACCTCAAAGTTTACAGAACCGGGGAAGTGGTACACATTTTTTTCAAATAAAAACAAAACGAGGGAAGAAACTGGCATATTTTTATTTGTATGTGTCATCTGAGATACTTTATGCCCAATCTCTTATTTAACCCTCATGACCATCCTGTGGTAGTAGAATTATTATTTCTATTTTACAAGTAAAGAATCGAGGTGAGGGAACATCCTGTAAACTTGTACCAGGTCACGCAGCTGGTAAGAAGCAGAGAGAGGACTACATCCAGATTCAGGACCCCCCTGTCTTCCCATCCCAGAGAGATCAGCCTGCTGCCTAGTATAGAACTGTGGTTTCCCTCTAGTGGGGCACCTATTTACTGAGAATATTTTGGTCCTTACTTCTGCACTACC"
"4","1100_8_133805083_A_T_11572.s1","GRCh37",8,133805082,133805083,"CATGTCCACCTCAGGAAGTATGTTA","CCGGTAGAGCTTCTTCGATCTTT","59.664","59.752",8,132792409,132793333,925,"99.9% (1 x 2)","CATGTCCACCTCAGGAAGTATGTTAATCTCCTAAGTTTTCTTGTTTTTATGCCTTTAACACAGGTCTTCCCTCACCTATACTTACTCCCCCCAAAAGACTAAGATCTAACAAGGCTATAATTGGGTCAACTGCCTTCTTAGTTCTGAAGAAATGAGCAAATTGCCTTTCTTTAAAGCGGCTTCTTACGCCTGCAGACATTCCCGCCTTTCTTTAAAGCTGCTGCTTACGCCTGCAAACATTCCCTGAGTAGCAGTTTTGTGTCCTGTCATGGTGCTAGGTCCTGGGGACTACAAAAGTAAACATGACTCATTTATCTCCAGAAGTTCACAGGCCAGAGTAGCATTTCTAACCTCATCTTCCTTAGCTATTTGCTATCTCAAGAAATGTTAATACATTTTCGTGATAAAAGGGGTTACATGTTTTCTTGACTCTAGTAACACTGAATGCTTTATCTCCGTCTCGTTGACTGCACCAAGAAGTCTTTCAATAAAGAATGCAGCCTAACTTTTTTTAATCCAATAATTCCCTAGCTTATTTGAGAAGACCCCTTTTTTCTTTTTTTTTTTTTTTTTTAGTGCCACACATATCAGTGTTCCAAGAGATATAAATGTTCTTCAGCACCCAGTTTGAGTGAGAACCTGTGCAGAGATGATGTACAGCTTTAATGAGATGAGTGCTGTCAGAGCAGCAGGAGCCGGGGAGTTAGGGAAGTCTTCACACAAGCAGTTCTGTGTTTAACCAAGTCTGCAGTGATTTGTATACAAAGGAAGGGAAGGGTGGTTTAGGGCTCGGACGGAAAGAATAGAATGGAGAATAGCATGAATGCTTGACACAGAGCAACATATATTTGAGGAAAATCCAAGAGCTCAATATCATTAGATCAAAGTGGGGTTGAATGTCAAAAGATCGAAGAAGCTCTACCGG"
"5","1146_10_130764345_A_G_12014.s1","GRCh37",10,130764344,130764345,"CATGGAAGCCTGACTTAGAAACACA","GGAGCAGGCATTCAATAAGAACTTG","60.824","60.246",10,128965706,128966618,913,"99.9% (1 x 2)","CATGGAAGCCTGACTTAGAAACACAAAATATAAAAATTGGCATGAAAACTTCATCTACACTTGATTAGCACAGCAGTCACTAATTACTGTGATTATTTTCAATGATAGAGTCATGATACAAAGCAATGATTTTATTTTATATAAATAAATCCTCTAGGTGCAAAGTAACAATGTTTGGTCAGTTTTATGAATTTCTTAAAAGCAAATAAAATAAGGATAACCAAGTAGTTAAGAGAAGATCCTTGGAAATTTGACCCAGCCTTCTCCAGTAATTATTCTAATTATTCTTCTATTATATAGGCCAAGAGCCAAAGGTTCCCAAGTGCGTAGGAAGTTAATAGCAGACTTGAAGTGAGAAGGGGAGGGCAAGCTAGCATATGTTCATTAAAGTCTGCTTTCACTTAAGGGTTTTGCATCAAGGAGGCTGCAGGCACCAATAATTTATCTTGAAGTCTATTTACTCAGTGCAACAGGGAAATAATAAATTGTCCTAATTTTCCTTCCTGGCCCCAGAAGAGGCTGCCTCTTGCCTTCCCTTCCAGCGACCCCACTGGGGTCAGTCTGTTGCCCAGGCACTGAGTGAGCCCCCAAATGCACTTGGAGGAAACGTTTCCAGTGGTGCCCCGTGGCCTCCAGCCAGCTGTGTTAGCATTCTTCAGCCAAGGTGTGTACTCCTGAGGGGGCTGCTGGTGGTTGGTGGGTGGGACAGCTGTTAAAAGAGGCTCAGGAGACCAGGGCCGTGAATGGGACTCACACAGGCCCACCATGCCCTGGAGTGCCCAAGCCAGGAGGCAGCATCTCTTCCGCTGCCCACAGACTCCTTTGAGCCATAATCCACACAGGCGCCTGGCCCTTTGGAAGGTCATCCCAAGAAAAACCTTGCACCAGCAAGTTCTTATTGAATGCCTGCTCC"
"6","1241_3_133737342_G_A_12517.s1","GRCh37",3,133737341,133737342,"CATGTGAGTACCACCAGAAGACAAA","GCTCCTGCAGTAGTAAACCAGATTT","60.535","60.651",3,134018017,134018920,904,"99.9% (1 x 2)","CATGTGAGTACCACCAGAAGACAAACTGAAAGCTAAGGAGGGCTTTCAGCATCATCCAGGAAGAGGAGGTCTGAGCGACCCATGGCCCACCTGATCCTACCCGTTCCCGTTGTTCTCTCTTCCTTTCTCCCTACAAGCAGGGGAAGCAGGCCTCTCAGGAGGCAGATGCTTAGGAACAGAACAATGTTGTCTTCAATGTTAGAGAAACACCACCCCTGGGGAGGAGTGGGCATATCTTAACTCACTGGGTGGGTAAAGGAATTCTTGGGTTCAGGGGATTTTCTTGAGAGTGTTTTCCTGAGCATGAATCTGGTTGCTGGGATAGAGCACTTTGCTCTGGAAACTGATTAGTTAAGCAAGCCCAAGATGCCTCCCCATTGCTGGGGGTCAGAAGCCTCAGGAAGTGATGGACATAGGCCAAGACAAAGTAATTCTCCCCCCATTTTTTGGTCCTCCCAGGCCAGAAGTCACCAGGGCCACCGAAGCCAAGCTGTGAGGTTTGCCTTTCCCTTCTTCCCACTATTCTCCAGCCCTCAGTCTCCACCGGGATGTTCCCTCACTGATTGGATATACATTACTTCACTACTGGAGCTCTGGGTGTGTGATTTCCTGAAATTTGGCAGCAGTCATCAACCACTCCTTCTATAAGATAACCTCAGTTTGGTCCCAAGGGCAAGTTTTATTTTAAGGAGAAACAGAACTTCCTGAAGCCGCCAGGATAAGTCAGCTGCAAAAGCTGCCTCCCACCCCCACCCTCAGGATTACTAAATGAACCTGTTTAATTTAGCATTCTGGACACCAAATGCTGAACAGTGATTGTGGAGCAGATCTCTGCTTCTTAAGATTCCTGTAAGCTAGAGGCAACAGAGACTCTAGATTAAATCTGGTTTACTACTGCAGGAGC"
"7","1264_2_121280166_A_G_12613.s1","GRCh37",2,121280165,121280166,"CATTGAGGGAGGTTCTTGAAAGTTC","GCCCTCAGAGTCTGTTTATGGTTAA","59.614","60.131",2,120522176,120523085,910,"99.9% (1 x 2)","CATTGAGGGAGGTTCTTGAAAGTTCCCCAACTCCGATCACAGCCTCCACCGAGTGCGTGACTCCTCCTGACTGAAGGGAATGTGCTGTACCCGGCGTTATTTACCGCAGCTCTGCACGTGAGGCGCAGCGGAAGCGCATGGGAGTCGCGGAGAGCGTCTTTTGGACAGCTTATCTCTTGGCAAGATTAAGCCGGCTCTCCGGCTCTCCACAGAGGGGCCCGTATTGCAGGCCTGCGGGGAGGGCTGGGCCCGCCGAGTTTGCACCTTTTTACCCGGCATCTGTCCCTGGGATCAGGAGAGCCGGGAGGCTGGATTAGATGGGTCAGCGCCCTGATTGACAGTGACACTTCCTCCCGTGCCCCCGCCTGCCCCCCGGCCTCTCCCGCTGTTCCTCTCCTGCCTCACCCGGGCCCCATCCTGTTCCCGAGAGCGGGTGATGCCTTCTAATCTCCTTACCAGGAAATTATTTTCCTGGGTGTGAAATCCCTGTCCGAGGGGGAGGGCGGCAGATCAGTGCTGCCCTGGCCTCCAGGCTGACCGCAAGGCTGTCTCCTGGAGACATCTGGCATGGCAGCGGGCACAGTCACAATGTTAGAGATGGGCAAAGCCTGGGCACTTCTACCCCCAAATGTGACCCTGACCTCTGGGGTGGGGTGTCCCCAAACTGCTCCCTCCTGTCTCCATTCAAGGGAGTTTTAGAAAAGGATCCACGTCTGCCCGTTGGTGACTGTTCCCTCCAAGAACAAGCAGCATGGGGCTGGGGCTGGGGCTGGGCAGAGCCTGGCCTTGGTGGGGGTGAGGACTGGGACCCATTCTTGGCCCTGCACCAACTACTGTGTGATTCTGGCTATATCCCAACCTCTGGGACCTCAGTTTCCCTCTGACTTAACCATAAACAGACTCTGAGGGC"
"8","1433_12_77268611_C_T_13502.s1","GRCh37",12,77268610,77268611,"catggAAATACCGCAGTACACATG","AGGAAGGTGTGTAATTTGTGTGTGT","59.834","60.655",12,76874265,76875164,900,"99.9% (1 x 2)","CATGGAAATACCGCAGTACACATGCCACCTTTTAGACATGCCAGATATAAAAGAAACAGTGCGGAGCTTAGAATCAGATAGACACAAGCTGGTTGTCAAAGCTAGTTATCAGCTATGTGATCCTGGCCAAATTTCCTTAACCTCTGAGCCTTAACTTCCTCAGAGGTAACTTGGAAATGGATGAGAACTATCTTATAGGCGGTTGTAAAGATTTAATGAGATAAAGTTTGTAAAGTACCTGGCAAAGAGCCTGTACTCCACAAATGGGCGGGCTTCCTTTTCCTTTAGGAGCACTCGGGGCCTGAATATACCAAGTTCAGTCCGTTAGGTCAAGGGTTCCAACCCCCAGGCCACAGACCGATGGCTGTGTTTTGTGTTCAGGCTACTTGCTACTGGTCTGTGGCCTGCTAGGAACCAGGCTGCACAGCAGGAGGTGAGTGGAGGGTAAGCGAGCATTACCACCTGAGCTCTGCTTCCTGTCAGATCGGCAGAGGCATTAGATTCTCATAGGAGCGGGAACGCTATTGTGAATTGTGTAGGTGAGGGATCTAGGTGCCCACTCGTTACGAGAATCTAATGCCTGGTGATCTGAGATGGAACAGTTTCATCCCAAAATTTCATGCCAAAACCATCCACCCACCATCCATGAAAAAACTGTCTTCCACAAAACTGGTCCCTGGTGCCAAAAAGGATGGGGACTGATGAGTTGGGTGACTTGCTGAGGTCACAGATCTCCAAAGAAACAAATCAGGCTCATGTTTTGATTCCAGAACCACAAGCTTTCCTCAAAACTCCCATATCTGACAGGCACAGAACATTAAGGGTTGAGACTATTCAAATGACCTGAGAATTCTCAATCCTTGAGTTACCAAATTACACACACAAATTACACACCTTCCT"
"9","1501_6_32122196_T_TG_13831.s1","GRCh37",6,32122195,32122196,"CATTCCCAGAATATGTTTGCTGCTT","GCCACAGTAGACGCCTCTAAC","59.958","60.049",6,32153923,32154827,905,"99.9% (1 x 2)","CATTCCCAGAATATGTTTGCTGCTTTTTCCTCTCCCCACTGGCCTAAATGGATCGCTCCGCCTGTTTCCTCCCCAGCACCTAGGGCGCAATGGAATATTCCATTGCCCCTCCTGTCCTGGGTCTGTGTTGCGGGGAACGCTCGCGCGGTTGCCAGAGAAAGCCCCGGACGTGACGGATTTGCGCGACCCCAAGCAGCCCGCCCTTCCCCCTCCCATCCGTCATTCCCCTGCGCTCTCTTTCCTCACCCTTCCCCCCGCCACCGTGGGTTCCAGACTTGGGATAAGTAAACAGCGGGTGGAGCGAGGCCTACGGACCCAGGCCAGGTGGGAGTCTGCACTCTTCAAGGGGCCTGGGCTGCTGCTCACGGGTATTAAAGAACTCCGCGTTGTTCATGGCTGAGGCGATGCATTAGGAAGATCCTGGACCTAGAGAACAAGTCCCCCGAACGCTGAGTTGGAGGCGGGACTTCGGGTGCGCGTTGGTGCGTCAACGTGGTGGGGGGGTGTGTTTGTAGGGAGAGGGCTGGAGTAAGTTAAAAGTAGGCTATTTTGTGACACGGACCTGGTGTGGGAGCGAGAGGAGGTGGCTTGATTGCCGGGCGTCTGTTCCGAGGGAGGAGGGTGTTGCCATCTCCCTCACATGCCCTTATCACCCCTTTCTCAGGCGGGAGCATGCTGGGGCTCTGCGGGCAGCGGCTCCCCGCGGCGTGGGTCCTGCTTCTGTTGCCTTTCCTGCCGCTGCTGCTGCTTGCAGCCCCCGCGCCCCACCGCGCGTCCTACAAGCCGGTCATCGTGGTGCATGGGCTCTTCGACAGCTCGTACAGCTTCCGCCACCTGCTGGAATACATCAATGAGGTCTGGCAGGGGACACCTGGGTGCAGGGCGTTAGAGGCGTCTACTGTGGC"
"10","1542_20_33126598_A_G_13946.s1","GRCh37",20,33126597,33126598,"catgcccggccAAGACATTT","AAAGACACTGATGTTACCGATTGTG","61.178","59.389",20,34538257,34539148,892,"99.9% (1 x 2)","CATGCCCGGCCAAGACATTTTAACACAAACTTTTGTTAGCTGGACATGGTGGCACCAGTATTCCCAGCTACTCGGGAGGCTGAGGCAGGAGGATCGCTTGAGCCTGGGCAGTTGAGGCTGCAGTGAGCCATGATCACGCCACTGCACTCCAGCCTGGGCAACAGCGAGACCCAGTCTCAAAAAACAAAACAAAAAAAACAGACTTCTAGTTTTCACTTATTAACTTCACTAGTATTAAAGCTGAGGTAACTAACTCAGCCTACACAACCTTCAACACACACTACCTCTCACAAAGCACCTGAAGTGGTATTGTTGCATTTAGGGCTTGATGATTTGGAGTAAAAGACACTGATGTTACCGATTGTGCCTATTTTTATCAGTGGCTTGTTAATTATTTCTGTTTTCATTAGTGATTTTTATGTATGCAGATTGGTTAGCCATGAAACTGTTAGTCACTTCATTTCTGTTTCTTCCCTGTTGCAACAGCCCATCTTCGTGGGAAGAACCAAGCTTTAGGCTTGGCTCTGAACAGCCACAAAGTGACTTGGCTGAGGTCCTGCCATTTCGCTCATGCTCAGCAGGGGGCAGCAGACCAGGGCAGTTCAGAGTATGGGGTCAAACCCAGGTCCCTGTCCCCACTCCACCTGTGGATTTACCCTGGATTGGGCAAGCCCTTTAACTCTCTGAGGCTCCGTGTTCTCAGAGTGACTCGAGGATTCACTGAGGTGCCGTGTGAGAAGTGGGTGGCCCAGACCTGGACACAAAGAAGCCTTGATCAATGTTTGCAGTTTGATTAAGTGGGTAAATCTGCATATATAAAAATCACTAATGAAAACAAATAATTAACAAGCCACTGATAAAAATAGGCACAATCGGTAACATCAGTGTCTTT"
"11","1542_20_33126598_A_G_13946.s1","GRCh37",20,33126597,33126598,"catgcccggccAAGACATTT","AAAGACACTGATGTTACCGATTGTG","61.178","59.389",20,34538603,34539148,546,"99.9% (2 x 2)","CACTGATGTTACCGATTGTGCCTATTTTTATCAGTGGCTTGTTAATTATTTCTGTTTTCATTAGTGATTTTTATGTATGCAGATTGGTTAGCCATGAAACTGTTAGTCACTTCATTTCTGTTTCTTCCCTGTTGCAACAGCCCATCTTCGTGGGAAGAACCAAGCTTTAGGCTTGGCTCTGAACAGCCACAAAGTGACTTGGCTGAGGTCCTGCCATTTCGCTCATGCTCAGCAGGGGGCAGCAGACCAGGGCAGTTCAGAGTATGGGGTCAAACCCAGGTCCCTGTCCCCACTCCACCTGTGGATTTACCCTGGATTGGGCAAGCCCTTTAACTCTCTGAGGCTCCGTGTTCTCAGAGTGACTCGAGGATTCACTGAGGTGCCGTGTGAGAAGTGGGTGGCCCAGACCTGGACACAAAGAAGCCTTGATCAATGTTTGCAGTTTGATTAAGTGGGTAAATCTGCATATATAAAAATCACTAATGAAAACAAATAATTAACAAGCCACTGATAAAAATAGGCACAATCGGTAACATCAGTGTCTTT"
"12","1653_20_53325918_T_C_14261.s1","GRCh37",20,53325917,53325918,"cattcacaccaaagcaGATTCCAAA","TGACAAATATTCTTCAAATCCCGTGT","60.304","59.127",20,54708875,54709764,890,"99.9% (1 x 2)","CATTCACACCAAAGCAGATTCCAAAAGAATCATGTTAAAAATACCCCAGATTATAAAATTATGAATCCAAAACCAAAAAGACAATATAAAGCAGGCATAAAAACAAAAGTTTAGGTTGAAACAATCACTTTTATTTATAAGTATAGATGGCAAAGAACTTAGCATAACTGCTTTTGTCTTTGGGTTGAGTGTAGGTGAGTGGGTAGTATGTGTTATTTTTCCAAAAAAGACTAGGTGGTTGTAGTTAATTGTAAACTCACAGTTAGCCAGTGATTTGACATGTTTATAAAGGTATGTGGTATATTTTCTTTTCTCTTTCCAACACCTTGTGTTGCAATTTAGGACACTGTGAAGTAAAGGAAGAATTCTGTTCACTTGTGATTTGAAAATTTTTCTCATCAAGATGATAACTTGGAAGCATTTTTGATAATCATTTTGCCCAGTGAGATTATGTCTTTGGACAGCTTGGTTGGGTCAAATTTTCACAAACTGCTAGGATATTCATAATGGGCCATCTGCAGTTTTAAGTATTCAGTTGATTCATCCAACTGTATATTAAATTTACCAGACCATCAATGTAAGAGGCAATAGGGCTTGGCAACACATACCATACTGATGATAATAAGAATATTAAGAAACATAGGATCTTGTGATGGAGTTTCTAGTAATTCACTTTCTAGCATTTTGCCAATTGTTTAACCTCTTTGAAGATGAGGGCTTCAGTTTGTCTCTAACAGAAATATGTTTGTAATTGGGGATGAGGTGGGGCTGTCACCTTCCCTATATTCATGACTATACTATTCCTGGATCTAATCAGCCTCAGAATCTTTAACACAGAAATAGACTCAGAATTAGATAGATTTGACACGGGATTTGAAGAATATTTGTCA"
"13","1704_1_14838980_A_C_14414.s1","GRCh37",1,14838979,14838980,"CATGTTGACATCCAGCTTTCTTCTC","TGGTAAGGGAATGCACTCTAAACTT","59.961","59.777",1,14512071,14512976,906,"99.9% (1 x 2)","CATGTTGACATCCAGCTTTCTTCTCAGATGCTACGAGATTCATAGAGTATCTTTCTCCCTAGGAATCCACAGTAGACCACAGCACTTAGGATGATTTGTGTGTTCGCGGGTCAGGAGAAAGGAGTTTGTCCAGGACATCTCCTGTGGCCGCATGTTAATTTGGAGGGACGATGTGAATTTATGTCTAATTGGTAGTTGAGGGCAAAGTTTCTCCACCTTAGCACTATTGATATTTGGGGCTGGATCATTCTTTGTTGTGGGGCGCATTGTAGGATGTCATTGTAGGATGTTTGGCAGCACCCCTGGCCTCTACCCACGGGATGCCAGCAGCACTCACCGCCCACTGTGACAAACAAAAATGTCTACAAATGTTGACGAATGTCCCCTGGGTGGCGCAGAGCCCCCCCACCCCCACCCCAACCCTAGTTGAGAACCACTGAATTAGGCTGCATGGGTAGATTCAGGACATTAGCCTATTAGCAAATCTACTGACTCAAGAAAGCACCAACTAGCTCCAATTCCCTAATTTCACAGGCAGGAAAATAAAGCCCCAGAAAAGCTAAGGCCCATCCCCAAGGTCACACAGTTCGCCGGGGTCACTAGAACACAGCCTGCCGGCTGCTGTTCCGACACCCACTGGCACATTCTATGCCCAGATTCCACCCTGCTGGGTTTATGAGCGAAATTAAGATGGAGATAAAGTCAAAGAGCAGATTTTCTCATTCCTATTCATGGCAGTATTTGCAGAGAGGTACAGGTTTATTCAGATCTGACAACCAGGACGGTCCTCTTCCGATGACACCTTCCTTGGACGATCAGGCCGGCTCTTCTCCTGCTGAGAGAAGTAGCGTCCCTCTCTTTCTCGGGTCTGAAAAGCAGGCAAGTTTAGAGTGCATTCCCTTACCA"
"14","1778_7_22232545_G_C_14637.s1","GRCh37",7,22232544,22232545,"CATTTCACAATCCTTCTTGCATGGT","AAGAAACAGGTAAGGCTCTGAGTAG","60.131","59.608",7,22192464,22193375,912,"99.9% (1 x 2)","CATTTCACAATCCTTCTTGCATGGTAAAAACCTAAGGAAACTGTGGGTCTCACAGGTGCTATGGTAGGAGCAAACAGTGCATTTTAGTTAAGGGATCAAGTTGCAAAATGCAGGCTACAGTCAGAGGCCTATTCATTGGAATAACTGCTCCAGCATGGAACAAATTACAAATTCTGGTTAAGAGAAGCAAGTACTCTCCCTTCTGAGATAAAGGAAGTTACAGGTAAGTCATTTTGTAAGTGGAACAGTAGTGTTTCCAAAAGTGTATGGGTGAAAAAGCAAAATGAGTGTTTTACTCTCAGATTAAATTTAAAATACAAGAAGTCTGATCGATAAGGCTTTAGTGCATTACAGTTTCTGCTCTGAAAAGCTGTGAGTATCATAGTCTGCACCTCGGGGCTTGTTCTGACCAGGCAGTTTGTAAACCACTTGGAAAAAGGCAGAAGTTGCCACTAAGCATGTAGCTGCTGAGTAGTTGCATTAATTGTTGACATTTCAGCACGGAGGCTGCTGCCCCCAGCTCAGCACTGCCTACATGCCAGGTGAACGCCTGCTAACCCTCCTCCTCCTTGTATTTCTTTCCATTGAACATGGGCTATTGAATGTTGGTCTCTTGCCAACTGCCTTTAGGTGAGATTTGGGAAAAATTGCCAAAGAAACAAGAACAGCTGCCTTCATATCATTTTCTTTGTACAGCTACTTCCCAGGGAGCTGCTTGGGATCTACATGTGTCCATTTATTGGATTTAAACAAATCAGCACAAGGCAAGGGACGAGTCGCACAAAGCATATGCTATTTCTCCCCACCCCGGTTTCAGCTAACAGTGGGAACCTTGCCCCTGAGGGTACTGACAAGGGCATCAGCTGCTATCAGTCTGGAAGCATGAGCTACTCAGAGCCTTACCTGTTTCTT"
"15","1878_15_53082932_G_T_11325.p1","GRCh37",15,53082931,53082932,"CATGGCTCTGTTACTGTTACAGACT","CAGGAGGGCCTTGGGAGTAA","60.131","60.474",15,52790319,52791231,913,"99.8% (1 x 2)","CATGGCTCTGTTACTGTTACAGACTCTGTGGCCGCGGTTCGGTAGCCGCCGCCGCCGCCGCCGCAGCGGCCCGCCCTCACGCCCGCCAGGCGCAGCGCGCATGCGCGAGGCCCGCCCCCGCCCCCTAGGTCGCGGCGCGCCAGGCCCTTGGCGTCCCGGTACAAATGAAGGAGGGGGCCCAGCGCCTTCCCTGCGGCGCTGGATGGCCAGGGAGCTGCGGGCACGTGCGAAAGATTGGCGCAGAGCGCGACCTGGGGCCGCCGCTGCAATCCCAGGAGACTCGCGCCTGGCTCGCTCGCCTCCCTTGCTTGAGTGGGCTCTGTCCTCCCAGCCCGGGGACGCTCGTGTCGGGCTTCTAGCGGCTGGAGTGCTGTGCTTGGAGACATCGCCCCTCTCTCTCCAGTTGCTGCTTCCCGGTGCAGCTTGCCCGGGGAGCTGGGGACTGTGTCATCACCCCTTCGGCTCTAGCCCACTAAGCTTTATTTCCCGGGGGGCTGCTGGGAGTGCGCTTTCCCACCCTTGAATTCACGGCCTATTGGGGGATGGGGGTTGGGGTGGGGTGGGGTGCAGATTGCTTAAAGGGCTGGGTCCGTTTGGCGGCCGTTGACCCGGCACCCTTCGTCCTCCCAGATACATACTTGCCCACCCTTTCTCATCCATGCCCTGGGGAGAGGAGTAATCAGTGCCAAGAATCCCAGTTCGGGCCATACCTCACTGTCCCCCGCCGCCTGGCTCCTTCTCCCGCTCAGCTCATAATTAAGGCTGTGCGTCCGCTTCGCCGATGACTCGGCCTGTGGAGGGGGGCGAGGGAGAGCGGAGGGAGTGCCCTGGAGGGTACCCATGTTAACTTCCGGGTGCTGGTGGGGCCGTGGAGGCTCGGGCCGTCCCTGCGGTTACTCCCAAGGCCCTCCTG"
"16","2004_6_143264026_G_A_12271.p1","GRCh37",6,143264025,143264026,"CATTCACAAACACATCTCATGCAAAGG","GTGATATTTGCCCTTGAGCAAACC","61.506","60.484",6,142942483,142943372,890,"99.9% (1 x 2)","CATTCACAAACACATCTCATGCAAAGGAGCCTGATCAATCAAAATATTCTGCTGCTTAATCTTTCAATGTAATCAAAGAGAATTATTTTCCTATGTGATAATATACACATAGTAAATTTTTCACATTCCATGTTAAATAGGAATATAGAAATGTTTTATGTACTTTAGTGGTATTTTACCAAACACCTCTACAAGGATCTAACCAGTTAAAAATCAGTTAGATCTTACATTTGTAAGATCATTAATATACCACCATTCCCAAAATTGTCCCCGAATCAGTCACACATCAATTTACTCTTGAATACCCTTGTATAAATATAAGCCATCTCTAATAAAGTTAGCCACATAAAATACAGTCACTGTAACAAAAATACAGATGCAAATAAGCAAATTTTGTTTTATACCCGACCTATGCTCGACGCAAGAAATTGTCTCAATGTTCAAAAGATTCATCATTGTAATACATTTCTGTATATAAGAAATATACTGCATATTTCAAACCTAGTGGTCAAAGGGATTATGACACTTGAAACAAACACACTATCATTAAGTAAATACTGGTAAATCCCTTTCAGCTCACAATGCAAATGTACAGTTGTCATTTGGTACTATGACTCCTTAGGGTTCCACAGGGAATTTTCTCTTAATAATGAAAATGATACCCACTTTAGTCACAGAAAGGACATTTCTGTTCTGATAAACCATTTGGCCTATATCCTAAAAATCAAACCCAATCTACTCATTCCACAGTCTACTTCGTTAAAATTCTGCTTCTGGCACTCTTATAAGGTGAAAAAGCAATGAGACATTTGCTACATATGTAGCAAACATATGGGATCTATATGTGCAAATATTTAAAATAACTTGGTTTGCTCAAGGGCAAATATCAC"
"17","2634_17_7589656_C_A_11894.p1","GRCh37",17,7589655,7589656,"CATGGGAAGAAACTGCGGAATGAAA","CAAGCTGCTAAGGTCCCACAA","61.853","60.114",17,7686011,7686900,890,"99.9% (1 x 2)","CATGGGAAGAAACTGCGGAATGAAACAACCGCGAGCTAAGAGATGGGGCAGCGGGAGAAATGAATTCGAGTTCCGCCTCCTACCAGGAAGAACCGGCTCGGGCCGGAGGGCTGCACGGAGGACCACACGGACGCCTGCGGGCCCGCCCCTTCCGCTTCACGACGTTCAGCCTGCGTCTGGAACTGGAATGGCCTAGCCCAAAGCTAGATAACAGGTAGATTGTTTTTCCGACAAATTATCAAACGACCCATCATTGCACTCTTTCAAAATTTGATTCTCAGACGTACCCATTCTTTTTTTTTTTCCTCCGGGAAGATGAGATATACTCATTCTTGAAAATACCTCCGGGCTTGCCTTCTGCACACTTCTTTCCCTCCCTGTCTCACGCCATGGTAGCGTCCGCCTAGGTTGCAGGCGACCCGCGGGGTGGGGCACACCATTCAAAGAAGGGGAGGGATTGAGGTTTGCATCAAAACAAATACCCCTGCCTTTGCAAAGGCCATAACTAAGTAATCCAGAAAAAGAAATGCAGGCGGAGAATAGCAGCCTCCCTCTGCCAAGTAAGAGGAACCGGCCTAAAGGACATTTTCTCTCTCTCTCCTCCCCTCTCATCGGGTGAATAGTGAGCTGCTCCGGCAAAAAGAAACCGGAAATGCTGCTGCAAGAGGCAGAAATGTAAATGTGGAGCCAAACAATAACAGGGCTGCCGGGCCTCTCAGATTGCGACGGTCCTCCTCGGCCTGGCGGGCAAACCCCTGGTTTAGCACTTCTCACTTCCACGACTGACAGCCTTCAATTGGATTTTCTCCATCTAGCGGAGCCGGGGGCTGCCTGGAAAGATCGCTCCAGGAAGGACAAAGGTCCGGAAGTTGTGGGACCTTAGCAGCTTG"
"18","2666_17_17817223_C_G_12689.p1","GRCh37",17,17817222,17817223,"CATGGTTGTGTTTGTGTGGCATT","TCATGCATGTGGGAAAGAGAGTAAA","60.558","60.072",17,17913585,17914496,912,"99.9% (1 x 2)","CATGGTTGTGTTTGTGTGGCATTTTCTGCAAAATGAAAAGAAAGAAGCATTCTTTTTGGGTTGGTTCTTTATAATCAAAATGGGTATATATCTTTTAGCTTGAAAACTCAAATCCCAGTAATTGAATAGAATGCACTGACCCTGAGGATAAGTTATCATGCCTTTGAACCCTTCCCCAGTATCATAAGAGGAAAGGAAAGGGTGAATATAAGGTTAATGGATTCTGCTGCTAAACCGAACTTGGAAACGAGGTTTCATTGATTTAATATTTCCTCTATTAAGCCTCCCAAGACTGTATCCCTTGTAGCCCTACCAAAGTGCAATCTCTGTACTTTCTTCTCCATGAGAGTCTGTGCCACAGCTTGAGTTCTGTGAAGGGGAGAGACTACTACCCCCTAGCCAGCTGGCCTCTCCCCTTCCTGGCTCAAAAGAGTAGCAAGTCCAGGCCCGCAGGCAAAGCTGCTTCCATCAGGATAAGTCTCCTCTTGAGGAGGCTGCTGGATTTATGGCTGCAGACATGCCCCTGCTGTGTGTGACCCAGGTGGTGAGTCATTCCCTCTGGGCGTGGACAGAGGAGGGGTGTTCAGAGACAGCTGCAGGAAGAGCAGGGGCAGGAGGCAGGCACCATTTCACTGCTGCAGGCTCCCAGCACACCTGGGGCTCATTCTGTGTCTGGATAAGCCATAGGGTGACAGGGCACACTGCTGTCTCAGTGGCTACATTGTGTCCTCCCCCTTAACCTTCCTGGAACCTCTGCCCTCAGTCTTTTCTTCTCTAAACAGATGTGCCTACCACCACCCCCATTCTTCCTAGGCCTGCCTGCCCTCCCTTGGGGGGCTCTGATTTCCCTGTTAGGCCCAGGTCTGCTCCTTGCTGGCTTTATGACTTTTACTCTCTTTCCCACATGCATGA"
"19","2697_8_115892628_T_A_12875.p1","GRCh37",8,115892627,115892628,"CATGCCAGATCTCTCAGAATCCTTT","GTGACCCTAGAAAGTAAGGAAACGA","60.247","59.842",8,114879867,114880766,900,"99.9% (1 x 2)","CATGCCAGATCTCTCAGAATCCTTTGGAATGCTAAAAACCCTATGTGTGTATATATAAGTCCAGCGAGTTGGGATAGGAAAGGTCCCTTAATGCAGAGTAGTAAATCTACACAGGACTGAGTAAAATGTTTTATCAGCTGGGATTTCCCTACACAATCTTTTCTACCATTTATATAGCAGTACAGATGCAGAAAACTCAAAAATATTAATATCTGGGCAAAACATCTTCAATGTAGTTCTAAAATTAATATTGATTATGGCACAAGAAAAATAGAGAATGGGGAATGTTACGCTCTGGCATCATTTATTTTCCAAAACCATGTTTTCAGTACGATAAATCCTTACACAATTTCAAAAATAACTCTGTAAGCTTTTTAATACACATAAGATGAAAGTTGTAACTGAGATAAAACATAATATTTAGTAAATACTTTATAATATTTTATTGACAGTGCATTTATTTAAACATTATTTGTCTGTACCCAAACGTCTTAGGGATTATATGTCCTCTTAGCTCCTATGAGAGGTAGATTGATAAAAAGCATTTATTAATTCAAGACTTATTACATGTGAAATGTATTAAATATAGCCCTCACCTCGGAAGGAGCAGGATAAATGTAATCCTCTCTGCATCTGTGGGTGCATTACTCTGCAGTTATTCTGTAAATCATCTGTAATAGTGAATACCTCATTCATAGGGTTTTGCATTATGCATAGTTTGCCCCCTGAAGGCATTCCACACAAACAGAAGCCATTTCCCATGAAAATATTTTATCCTTTAAAGTACAATAGCACTTAATAATATGGGGAATTTTAACTATATAAGCTATAAAAATCTTCACAATCTGCCAGCAGTTACGTCCTCATTGATGTATTCGTTTCCTTACTTTCTAGGGTCAC"
"20","402_7_705473_G_A_12891.p1","GRCh37",7,705472,705473,"CATTCACGGTGGGCAAGTCA","CCCGGCTTTCCCTGATTAGG","60.464","59.749",7,665256,666170,915,"99.8% (1 x 2)","CATTCACGGTGGGCAAGTCAGCCCCAAGCAGCCACATCCCAGCCAGGTCAAAGTCCCAGCTTCTACTCCAAGCTGGGTGGCCCGACGCAGCCTGCTTAACCTCTCTCTGCCTCCCCTGCCAAACGGCAGCCTCGGGGGCCACGGGGGAGCTCTAGAAAGACAACATGCCCGAGGCCCATGGCCCAGGGACTGGCCATTGCATACATCATCTGATGCAAGCTTCAAACCCCAGGCTTCAGCCTCCGTTGAATTCAGCTTCTAAAGCCTCCCGGGCTCACGTGGCCCCTGATTTGCTAACCTCAAGGTCTCCTCTGCTGAGATCCAGCTGGGCTTTCTGCAAATGGAAATCAAATTCTTTGCATGTTCAAGCCATTAAGCATCTCCTCGGATGAGGCCCTGCATTTTCCAAAATGCTAATTTTGTTTTTTTAATGTTGCCCGAAAGGGAAGCAGAAAGTCCCAAAGCCCAAGCCAGAATGGGGAGAGGGGGCCGTGAAGGCTCAGAGAAGCCAGGAGACAGCTCCCTTCAGCTGCCCGTGAATTCGGCAGAAGGGCTTGTTTTTCCCATCACCTGAGGATCCGAGCCAGTTTGTGGAAAAACAGACTGCAGAGATACGCGGGTGGGAGGAAGAGAAACAGCGACAGATAACAGACAGCTGCGCAGGCCAGCGGTGCTGCTCAAGCCAGAGGCCTGTTTTAATTAAAGCAGCAGAGAGCTGGAGCCACTGCCAGGAAGGCCGCCTCAAGGGTGAGGTGCCCTCGCCTGTGCCCGTCTGGCAGCTCCAGTAATGAGGTCCCCGCCGGAGGCCCAACGCACAACACAAACACGCACGGTGCCACCCAATTATCACGTTTCTCGGCTCCCAGGAGCTCAGCGATGCTCCCCCTACAGGCGCCCTAATCAGGGAAAGCCGGG"
"21","417_14_43944286_TTA_T_12938.p1","GRCh37",14,43944285,43944288,"catgtacatactgttagttgactgtgttAC","TTTCTCATGTAAGAGTTTCTTTGCCA","60.147","59.014",14,43474658,43475557,900,"99.8% (1 x 2)","CATGTACATACTGTTAGTTGACTGTGTTACAATTAATATATATCATCAGGTATTTGAAATACCAGAGGCAAGATGGCTTTGTAAAAGTAGAAAATAAAATTTACCTAAAAGTTTAGAATATTCAGCACTAGCTTTTGAAGGGGTTTTACAATAATCTCATCTGTTTCATATTTTATTGTTTTAAAATTTATGTTTAATTCTGATGTCTAATTCTTAAAATCATATGTGTTATTTTCTCTTCAGACACTGTTTTACAACACCATAAATATTTCTGTTATATACAAAATAGCCATTCTAGCTATATGTTTTATGTCATAAGTTTCTGAATTTGAAAAGAAATGGATAAACATGCTTAAATATGGTGGTATCAAAAAATAGACATCTTGTGTTTTCTATGGCATATGGAATAGGTTGCATTGAAACATTTATGTTTTTCAGATAACCAAAGCATATTAAAGCATTTAATTTGTTTCATTTGGATGTTAAAAAAAAGAAAAGTTAAAAGACCATATGTATTTCTTTATTCCTTGAACTAAGATTGGATATAGAGCTCAATCTGGGTGGTAGTTAACACAAGTGTCTACTTACGTACAAATTTATAAAACTACATAAATTAAGATTATTAAGCTTCACATACCATACTATTTGTTATACCTCAATAAAAAATTTAAAAAAATATGTACACAGAAAGTACTGGTCATATTGAAACACTTCTAAAAATTTCATATTCTTTTTAGTTATTTAGAATAGATGGTTGCTGAATATTTTCTAAAATATATTGGATCATTTCACAGTGTTTCTGCATCTCTCACTCCACAAAGCAAACTGTCATTTTTATATGAATAATATCATCTTAGAATTGAATTTTTTTAAATGGCAAAGAAACTCTTACATGAGAAA"
"22","60_1_232764144_CTT_C_11440.p1","GRCh37",1,232764143,232764146,"CATTTCCTACTTCCCAGATGTTTGC","CACTAGATGGCTTTCTTATGACAGACA","59.959","60.406",1,232627888,232628799,912,"99.9% (1 x 2)","CATTTCCTACTTCCCAGATGTTTGCTCTGTAGTTTTTCTTCTTTTTCCTTCAGCTATTTATGAATACACTCTAATTTAGAACAAATTCAGTATGTCTTATTTTAAGCTGGGCAAGGCACACAATAAATGATAGCTACAAAGATAATTTCAAGATATTTACTCAGCGTATAAATAAGTTTGCCTACCTAGGCAAGATTTGGACAGGCTGCCGTGATCTTGCTTTAGAATAAAAGTGCTTAAAAACATAACTGGGAGCCTGCTGCTGCTGCTGCTGCTGTTACTGCTGAAACTACGGGCTATTGTGCTTGTCATAAAAGGGCTTGTGCTTAGAAATGAAAAAATCAAACATCCTCTGGGGAGATGTCCCTAACACAATCCCTGGTATGAATCATGCAGATACTTTAACTGCATCTCTTCCCAAAATGGATCAATGGAATCTTTTAGGAAGAATCAATGTGATTTATACCCAAAACTTAAGAAAGACTGCATTTTTCTCATGAATAATACTCTCTTATAACTCTGAATCAAGCAGTGAAATTCAATCAAGCGGTAAACATCTTTTAACTGGAAATATTGTCTAAACAGAATGACAAAACTAACAGAACTCTGAATTCTTTAAATAAGTCCAAACATGAAACAAGCATTCTTAAATGATGTAACTAAATACAGTAACCAAGTTGTCTCTTGAAATTCAACTTTGGGAATGCCAAAAATAATAGGCCACCTCTCAATATCCGCAAAAATATCGGTATGTGTAGGTTTTCTAGGAAAGCAATAAAAAGCAACAGTTTGGGAGATCTTTTTTCTTCAATTACTAATTGTAACACTAGAAAAATTACAACCTAGGCTGCACACAAACGCGACTCAAATGGGCAGTTTACTAAATGTCTGTCATAAGAAAGCCATCTAGTG"
"23","70_14_70430997_G_C_11470.p1","GRCh37",14,70430996,70430997,"CATTCATGTGCAGGAAGGACTTGTC","taggttaagaaagtggtggtGTTGT","61.897","59.896",14,69963815,69964715,901,"100% (1 x 2)","CATTCATGTGCAGGAAGGACTTGTCTAGGAAGTGACCGGTCTAATCTCTTGCATGTGTTGGGAGCCTCTACTATCATGTTTTCAATGGAAGAACTGGTCCCCATGCCCCCATCACCCATCAGGTGCAAGGATGTGTGATAAGATGAGGGTGGATGGAGCACGCTTTGTGCTCAGAACACTGTCTCCATTGTGCTCTCTGGGGACTCGCCTATCCCACTCTCTGCTCTGTCCTGCTCTTCAATGGCTGTTTTCTAGCTGAATGGCCACTGTGAGTCCTCTTCAGATTGGCTGGCATCATTTGCTTTGGAGTAAGCATGCAAGGTTTGGGTGCTCCCAGCTGGGCATCCGAGCTCCCTGTAGCCCTTAGTGATTCTGTCCCTACAATTTGTCTATTGTGGAAATGAAAGGAGTGAGCTCTGGGCGGTATCTGCAGCTGCTCTTCTGCAATGCAGTGTGCTTGGGAGGGAGGGAGGGAAAGATGGAAGCCTCCTGCTCTGGCTTTCCTGCTGTCTGTGGGAGAGGAGAGGCTCAGTAATGGGAGGCTTCAGTCACTCTCTCTGGTATTCTTTTTTTTTTTTTTTGAGACAGAGTCTCACTCTGTCGCCCAGGCTGGAGTGTAGTGGCGCGATCTTGGCTCACTGCAAGCTCCACCTCCTGGGTTCACGCCATTCTCCTGCCTCAGCCTCCCAAGTAGCTGGGACTACAGGTGCCCACCACCACGCCCGGCTAATTTTTTGTATTTTTAGTAGAGACGGGGTTTCACTGTGTTAGCCAAGATGGTCTCGATTTGCTGACCTCGAGATCTGCCCGCCTTGGCCTCCCAAAGTGGTGGAATTAAAGGAACTGCTCTTCTTTTTTAGATAATCATCATCATCAACAACACCACCACTTTCTTAACCTA"
"24","741_16_79607786_A_G_14028.p1","GRCh37",16,79607785,79607786,"CATTGATCAAACAGGACCAGCATTT","TCAAGTCACAAGGATGGAGGTATTC","60.131","59.898",16,79573500,79574410,911,"100% (1 x 2)","CATTGATCAAACAGGACCAGCATTTATGTTTTTAACTGTCTTAATCAATAATAAATCTTGAAAGCAAGAATGCGTTTTATTTGTTTCTATATCCTCAGCACCATGTTCATTTTCTACTGTATAGGTAATACACAATAGATATTTGTTCAATGAAATCTTAAAATAATTAAAGCTTAATAACTTTGACAACAAACCAGTCAGAGAAAAAAAGACGAACTTTCTAATATATGTCCAAAGAAGAACATTAAGTAATAGCACTAGTGCAGACTACATTTAACAGGCTGTCCAGGAAAGGAAACTTAGTCTGCAAAAGTGACAAGGAAATGTCAGGCTAGGGGTCTTTTGAAAACCTAGAACAAAGTTAAGAGAATAACTTCTAATTTTGACAGATTGCAAAGATGTCATCTTGGTCATTTCACAAACTTTTACCAGGCTCTTATCTCCCGTTCGTTTGCCTGTTTGTGTACCTAATTGCTTATTCAGGTATACCGTGCCGCATTCTGGAAAGGATCTGAGACAGCTACTATGTGCTACTCACCGATACAGGGCTGTGTTGGACACAAAAATAAATGAGGCGTGAACTTCACGCTCACAGAGTTTAGCGTCCAAGAGGAGATGAGAAATTTAAAACGTAATTGTCTTACAAGGCAGAGTGAAGAGTGCCTTTGGAGCAGGCCCACTTTTGTGTGGTTTAATACTATGCTTTAGAGGAGAATCAATGAGTCTGACAGTGTGCGATCAAGTATCTTGGTTAATTCCAGCCAGCACCATTTTCCCTCAGTCCTGTTTCTACTTTAGCCCCAATCACACAGTAAATAAGTGTCTGATGATGACAAATAAATAAATATTTTATTGGTATCTGCAGAAGTCTGTGCAAATAATTTGGGAATACCTCCATCCTTGTGACTTGA"
"25","788_7_12810315_A_G_14160.p1","GRCh37",7,12810314,12810315,"CATGCCTAACATAGCACTTCTTGTG","GCTACAGGATATCCACAGTCAACAA","60.018","60.189",7,12770211,12771115,905,"99.9% (1 x 2)","CATGCCTAACATAGCACTTCTTGTGAAGATCTCTTGGTGGTTAAACAATTCACAATTATTAAATGTGACTTTCTAGAAGTTGCAGTCACCTGGATAAACGGGCTTTTGCTGCTGGAGGTTGGTAGGGTAAGGAGGGTGGTGAGTGTTTGAACAGAGTATTGTGGAATAAATAGTTGAGCCTGCTGTGGCATTCTGCCACAGGTCCTCCCAGATCCCGTCTTCTTTTGCTGGAATTCCCTGGCTCCCCTCCAGTTCACCCAACTTATCAAACAGATTGTTTGGCAAAGGATAGAAAGAGGTAGAAAATAAAGTGAAATTGAAGATTTGGGCAGACACACTCCTGTTTCTATGTAGAATCTCCTAGGCTGTTGATTTGAAGGTCTTAGTACTCCAGGTACTTTACATATCTTTGGGTTAAATATGTATACGTTGTCATTTTAATTGCCAAAGTTACTTGAACTTCTACATAACACAGCCACATTTTAAGGGACTTTAAAAAAGAACATGTCAGTTTTGCTCCTAATGGATAAGTGCATACCACAAGTGCAACACCACCTGATGGCTTCTCTTTCTTTTTTTAAGTGAAGTAGGACTTGGCTAGATAGTAACTGATTCTAGTCCATGAGACATGCATCCATCCCCATTAACCTGTAATCTATGATTGCAGTTTCTCTATTTAGTTTGACAAATGAATCTTCCAAACAATGACCAGCTCTTTTGGGGAATGTGAAGCTAATGATGCTCCTTCTTTTACAGAACTAGTTTGACATTCCAATTGTGCTTTAAAAGAAACATACGTTTTTAAGCTTTTTACTGCATAGAATTAGCATTCTTTTTAACTTTTTGACTATTCATGGACATAATGAACAAGCTGTTCTATTTGTTGACTGTGGATATCCTGTAGC"
"26","908_1_159094969_G_A_14496.p1","GRCh37",1,159094968,159094969,"CATGTGGCATGACGATTATTAGAAGAG","TTATAACCATGTGGCGCTTAACAAG","59.928","59.731",1,159124612,159125514,903,"99.9% (1 x 2)","CATGTGGCATGACGATTATTAGAAGAGTTAAAAATCTCCTTTTATTTCAGTTTTCTGTTTTGAGAGTAACGTATTTTTGTTTACAGAGAACAACCCCTCAGATCACAGCCTTGACCTTCCCAGTGTTTCAGAGGTCCATTGAAGAACCACCAGCGCACCTCTCTCCCCAGCTCAGTAGAGCAGGAGGAAAACAGGTGAGATGGTGATGACGTTGGAGGCAGCAAGAAGGTTGTGCAGGAGAAAAGTCTGAATAATTTACCTTCCAGGTGCATCTTAGGTGGTGGCAAGGGATCTTTCCAAACCACATCAAGCTAGAAACTGATTTTATTATTTTTCCCACCTTCGAGTGATGCCTCCTCTCTGCTTTTGACTCCCCTGTTAGCAGGCTGAGGTGCAACTGGAGAGGTAAAGTGTCTGGGAGACAGCGATAGCAGTGTCCCCAGGGAACAGGCTATTGGCATGCTGGTTGTGCTGCCAAGCCTGACTGCTTCTCTGAGACAAGTATCAGAGCCAGAGTATGTTGTGAGTTGGTAACAGCATATCCCGGGAAAGCCTCCACTAAAAATCGTGACCATTATGAGAGGAAATATGCTCCCAGTCAGCAAAACGGTATAAAAGCAAAATAATAGATAAGCAACAATACACTGGAACATGCTTTATAGAAAAGACCTACCTAACCGTAGGCACATATTAGCTGTAGAACAAGCTAAATTCACATGCTTAGCCAGAGGCTGTGAGCTTAGATTTAGGAGACAAACATAACAACATTTCTCCTACTAGAATGTAAGTCCATATAGTGATTTTCATTTTTAAATAAACATTTATTGAGCCTACGTGAACTGTTATATTTTAATCTAAAGCTGAGACAGGGTAAGTCACTTGTTAAGCGCCACATGGTTATAA"
